date,description,category,amount
2026-09-01,Casual job pay - cafe,Income,520.00
2026-09-01,Rent - shared house Bentley,Rent,250.00
2026-09-02,Coles Bentley,Groceries,64.35
2026-09-03,Transperth SmartRider top-up,Transport,30.00
2026-09-04,Guzman y Gomez,Eating Out,18.90
2026-09-05,Spotify Student,Subscriptions,6.99
2026-09-06,Aldi Cannington,Groceries,41.20
2026-09-07,Boost Mobile recharge,Phone,30.00
2026-09-08,Rent - shared house Bentley,Rent,250.00
2026-09-08,Casual job pay - cafe,Income,480.00
2026-09-09,Hungry Jacks,Eating Out,12.50
2026-09-10,Coles Bentley,Groceries,58.10
2026-09-11,Netflix Basic,Subscriptions,10.99
2026-09-12,Uber Eats,Eating Out,34.75
2026-09-13,Kmart Carousel,Shopping,45.00
2026-09-14,Transperth SmartRider top-up,Transport,30.00
2026-09-15,Rent - shared house Bentley,Rent,250.00
2026-09-15,Casual job pay - cafe,Income,505.00
2026-09-16,Bubble tea Northbridge,Eating Out,8.50
2026-09-17,Aldi Cannington,Groceries,49.80
2026-09-18,Curtin campus bookshop,Study,89.95
2026-09-19,Uber Eats,Eating Out,29.40
2026-09-20,Synergy electricity share,Utilities,62.00
2026-09-21,Coles Bentley,Groceries,52.65
2026-09-22,Rent - shared house Bentley,Rent,250.00
2026-09-22,Casual job pay - cafe,Income,495.00
2026-09-23,Event Cinemas Innaloo,Entertainment,22.00
2026-09-24,Transperth SmartRider top-up,Transport,30.00
2026-09-25,Uber Eats,Eating Out,41.20
2026-09-26,Aldi Cannington,Groceries,38.75
2026-09-27,Adobe Creative Cloud student plan,Subscriptions,32.99
2026-09-28,Nando's Carousel,Eating Out,24.60
2026-09-29,Rent - shared house Bentley,Rent,250.00
2026-09-29,Casual job pay - cafe,Income,510.00
2026-09-30,Coles Bentley,Groceries,47.30
